<?xml version="1.0" encoding="utf-8" standalone="yes"?><actividad tipo="RuletaPalabras">
<!-- Parte generica -->
	<color_fuente_b>0x000000</color_fuente_b>
	<color_fuente>0x000000</color_fuente>
	<color_fondo>0x8993A0</color_fondo>
	<color_botones>0xff8f0a</color_botones>
	<color_fondo_h>0x7cb139</color_fondo_h>
	<color_botones_h>0xFCA800</color_botones_h>
	<logoPersonalizado>no</logoPersonalizado>
	<franjaPersonalizada>no</franjaPersonalizada>
	<correccion>si</correccion>
	<numero_intentos>10</numero_intentos>
	<sensible_mayusculas>no</sensible_mayusculas>
	<sensible_acentos>no</sensible_acentos>
	<tiempo maximo="300">si</tiempo>
	
	<autor></autor>
	<descripcionUsuario></descripcionUsuario>

	<registro>
		<!-- Indica el tipo de registro:
		- script -> registro a traves de un script (php, jsp, etx)
		- scorm -> registreo a traves de scorp
		-->
		<tipo>script</tipo>
		<!-- Indica la url del scrip, en caso de que el tipo sea script	-->
		<url>/general/prt/prg/actividadesFlashRegistrar.php</url>
		<!-- Indica los parametros a pasar al script, en caso de que el tipo sea script	-->
		<parametros>
			<!-- La etiqueta nombre contiene el nombre del parametro a pasar -->
			<!-- La etiqueta valor contiene el valor al que hace referencia el parametro (buscara el nombre de la varible en flash):
			- SCORE: puntuacion de la actividad, en porcentaje
			- TIME: tiempo de la actividad, en segundos
			- URL: direccion de la actividad
			-->
			<parametro id="1">
				<nombre>score</nombre>
				<valor>SCORE</valor>
			</parametro>
			<parametro id="2">
				<nombre>time</nombre>
				<valor>TIME</valor>
			</parametro>
			<parametro id="3">
				<nombre>url</nombre>
				<valor>URL</valor>
			</parametro>
		</parametros>
	</registro>
	
<!-- Parte especifica -->
	<titulo>Instrucciones</titulo>
	<descripcion>Adivina la palabra que se esconde detrÃ¡s de cada letra. La respuesta empezarÃ¡ por la letra correspondiente o bien, si asÃ­ se indica, contendrÃ¡ la letra correspondiente. Pulsa ÂSaltarÂ si quieres pasar a la siguiente letra y contestar mÃ¡s adelante. Completa todas las letras para finalizar el juego.</descripcion>
	<enunciado>Descubre la palabra que hay tras cada letra</enunciado>
	<enunciado_edu></enunciado_edu>
	<tituloApli></tituloApli>
	
	<palabras>
	</palabras>
	
	<puntos>100</puntos>
	<puntos_resta>20</puntos_resta>
   
		<idioma>
		<nIntentos>Num. Intentos</nIntentos>
		<txtPuntos>Puntos</txtPuntos>
		<txtTiempo>Tiempo</txtTiempo>
		<txtTiempoRestante>Tiempo Restante</txtTiempoRestante>
		<txtTituloActividadNoSuperada>Actividad no superada</txtTituloActividadNoSuperada>
		<txtTiempoSuperado>Has superado el tiempo mÃ¡ximo para esta actividad</txtTiempoSuperado>
		<txtTituloRespuestaCorrecta>Respuesta correcta</txtTituloRespuestaCorrecta>
		<txtCerrar>Cerrar</txtCerrar>
    	<txtSuperadoNumeroIntentos>Has superado el nÃºmero de intentos de esta actividad</txtSuperadoNumeroIntentos>
		<txtTituloActividadSuperada>Actividad Superada</txtTituloActividadSuperada>
		<txtActividadSuperada>Enhorabuena has superado la actividad</txtActividadSuperada>
		<txtRespuestaIncorrecta>No ha completado correctamente el grupo</txtRespuestaIncorrecta>
  		<txtTituloRespuestaIncorrecta>Respuesta Incorrecta</txtTituloRespuestaIncorrecta>
  		<txtPistaEnFormatoAudio>Pista en formato audio</txtPistaEnFormatoAudio>
  		<txtGrupoCorrecto>Grupo Correcto</txtGrupoCorrecto>
		<txtBoxRespuestaCorrecta>Enhorabuena has superado la actividad</txtBoxRespuestaCorrecta>
		<txtTituloSuperadoNumeroIntentos>Actividad no superada</txtTituloSuperadoNumeroIntentos>    
			
		<txtAceptar>Aceptar</txtAceptar>
		<txtTiempoMaximo>Tiempo mÃ¡ximo</txtTiempoMaximo>
		<txtSensible>Sensible</txtSensible>
		<txtMayusculasMinusculas>MayÃºsculas/MinÃºsculas</txtMayusculasMinusculas>
		<txtAcentos>Acentos</txtAcentos>
		<txtComenzar>Comenzar</txtComenzar>
		<txtAutor>Autor</txtAutor>
		<txtAyuda>Ayuda</txtAyuda>
		<txtMostrarMas>Mostrar mÃ¡s</txtMostrarMas>
		<txtMostrarMenos>Mostrar menos</txtMostrarMenos>
		<txtReiniciar>Reiniciar</txtReiniciar>
		<txtVolverJugar>Volver a jugar</txtVolverJugar>
		<txtResponder>Responder</txtResponder>
		<txtRegistrarse>Registrarse</txtRegistrarse>
		<txtAcceder>Acceder</txtAcceder>
		<txtCompartirResultado>Compartir resultado</txtCompartirResultado>
		<txtPantallaCompleta>Pantalla completa</txtPantallaCompleta>
		<txtImprimir>Imprimir</txtImprimir>
		<txtGrupo>Grupo</txtGrupo>
		<txtHuecos>Huecos</txtHuecos>
		<txtNormal>Normal</txtNormal>
		<txtElementos>Elementos</txtElementos>
		<txtTradicional>Tradicional</txtTradicional>
    <txtEmpieza>Empieza por la </txtEmpieza>
    <txtContiene>Contiene la </txtContiene>
    <txtSiguente>Saltar</txtSiguente>
    <txtComprobar>Comprobar</txtComprobar>
    <txtSocial>He obtenido [puntuacion] puntos en [tiempo] min. en la actividad [nomactividad]. Â¿Puedes superarlo?</txtSocial>
	</idioma>

</actividad>